"filename", "language", "Java", "XML", "Markdown", "comment", "blank", "total"
"/home/swhua/Desktop/MyCodes/MatchAlgorithmUsingStorm/.idea/compiler.xml", "XML", 0, 18, 0, 0, 0, 18
"/home/swhua/Desktop/MyCodes/MatchAlgorithmUsingStorm/.idea/encodings.xml", "XML", 0, 6, 0, 0, 0, 6
"/home/swhua/Desktop/MyCodes/MatchAlgorithmUsingStorm/.idea/jarRepositories.xml", "XML", 0, 30, 0, 0, 0, 30
"/home/swhua/Desktop/MyCodes/MatchAlgorithmUsingStorm/.idea/libraries/Maven__com_beust_jcommander_1_27.xml", "XML", 0, 13, 0, 0, 0, 13
"/home/swhua/Desktop/MyCodes/MatchAlgorithmUsingStorm/.idea/libraries/Maven__com_esotericsoftware_kryo_3_0_3.xml", "XML", 0, 13, 0, 0, 0, 13
"/home/swhua/Desktop/MyCodes/MatchAlgorithmUsingStorm/.idea/libraries/Maven__com_esotericsoftware_kryo_kryo5_5_1_0.xml", "XML", 0, 13, 0, 0, 0, 13
"/home/swhua/Desktop/MyCodes/MatchAlgorithmUsingStorm/.idea/libraries/Maven__com_esotericsoftware_kryo_shaded_3_0_3.xml", "XML", 0, 13, 0, 0, 0, 13
"/home/swhua/Desktop/MyCodes/MatchAlgorithmUsingStorm/.idea/libraries/Maven__com_esotericsoftware_minlog_1_3_0.xml", "XML", 0, 13, 0, 0, 0, 13
"/home/swhua/Desktop/MyCodes/MatchAlgorithmUsingStorm/.idea/libraries/Maven__com_esotericsoftware_reflectasm_1_10_1.xml", "XML", 0, 13, 0, 0, 0, 13
"/home/swhua/Desktop/MyCodes/MatchAlgorithmUsingStorm/.idea/libraries/Maven__com_fasterxml_jackson_core_jackson_annotations_2_9_0.xml", "XML", 0, 13, 0, 0, 0, 13
"/home/swhua/Desktop/MyCodes/MatchAlgorithmUsingStorm/.idea/libraries/Maven__com_fasterxml_jackson_core_jackson_core_2_9_8.xml", "XML", 0, 13, 0, 0, 0, 13
"/home/swhua/Desktop/MyCodes/MatchAlgorithmUsingStorm/.idea/libraries/Maven__com_fasterxml_jackson_core_jackson_databind_2_9_8.xml", "XML", 0, 13, 0, 0, 0, 13
"/home/swhua/Desktop/MyCodes/MatchAlgorithmUsingStorm/.idea/libraries/Maven__com_fasterxml_jackson_dataformat_jackson_dataformat_smile_2_9_8.xml", "XML", 0, 13, 0, 0, 0, 13
"/home/swhua/Desktop/MyCodes/MatchAlgorithmUsingStorm/.idea/libraries/Maven__com_github_stephenc_jcip_jcip_annotations_1_0_1.xml", "XML", 0, 13, 0, 0, 0, 13
"/home/swhua/Desktop/MyCodes/MatchAlgorithmUsingStorm/.idea/libraries/Maven__com_google_code_findbugs_jsr305_3_0_2.xml", "XML", 0, 13, 0, 0, 0, 13
"/home/swhua/Desktop/MyCodes/MatchAlgorithmUsingStorm/.idea/libraries/Maven__com_google_errorprone_error_prone_annotations_2_2_0.xml", "XML", 0, 13, 0, 0, 0, 13
"/home/swhua/Desktop/MyCodes/MatchAlgorithmUsingStorm/.idea/libraries/Maven__com_google_guava_failureaccess_1_0_1.xml", "XML", 0, 13, 0, 0, 0, 13
"/home/swhua/Desktop/MyCodes/MatchAlgorithmUsingStorm/.idea/libraries/Maven__com_google_guava_guava_27_0_1_jre.xml", "XML", 0, 13, 0, 0, 0, 13
"/home/swhua/Desktop/MyCodes/MatchAlgorithmUsingStorm/.idea/libraries/Maven__com_google_guava_listenablefuture_9999_0_empty_to_avoid_conflict_with_guava.xml", "XML", 0, 13, 0, 0, 0, 13
"/home/swhua/Desktop/MyCodes/MatchAlgorithmUsingStorm/.idea/libraries/Maven__com_google_j2objc_j2objc_annotations_1_1.xml", "XML", 0, 13, 0, 0, 0, 13
"/home/swhua/Desktop/MyCodes/MatchAlgorithmUsingStorm/.idea/libraries/Maven__com_googlecode_json_simple_json_simple_1_1.xml", "XML", 0, 13, 0, 0, 0, 13
"/home/swhua/Desktop/MyCodes/MatchAlgorithmUsingStorm/.idea/libraries/Maven__com_nimbusds_nimbus_jose_jwt_4_41_1.xml", "XML", 0, 13, 0, 0, 0, 13
"/home/swhua/Desktop/MyCodes/MatchAlgorithmUsingStorm/.idea/libraries/Maven__com_sun_activation_jakarta_activation_1_2_1.xml", "XML", 0, 13, 0, 0, 0, 13
"/home/swhua/Desktop/MyCodes/MatchAlgorithmUsingStorm/.idea/libraries/Maven__com_twitter_carbonite_1_5_0.xml", "XML", 0, 13, 0, 0, 0, 13
"/home/swhua/Desktop/MyCodes/MatchAlgorithmUsingStorm/.idea/libraries/Maven__com_twitter_chill_java_0_8_0.xml", "XML", 0, 13, 0, 0, 0, 13
"/home/swhua/Desktop/MyCodes/MatchAlgorithmUsingStorm/.idea/libraries/Maven__commons_cli_commons_cli_1_4.xml", "XML", 0, 13, 0, 0, 0, 13
"/home/swhua/Desktop/MyCodes/MatchAlgorithmUsingStorm/.idea/libraries/Maven__commons_codec_commons_codec_1_11.xml", "XML", 0, 13, 0, 0, 0, 13
"/home/swhua/Desktop/MyCodes/MatchAlgorithmUsingStorm/.idea/libraries/Maven__commons_collections_commons_collections_3_2_2.xml", "XML", 0, 13, 0, 0, 0, 13
"/home/swhua/Desktop/MyCodes/MatchAlgorithmUsingStorm/.idea/libraries/Maven__commons_fileupload_commons_fileupload_1_3_3.xml", "XML", 0, 13, 0, 0, 0, 13
"/home/swhua/Desktop/MyCodes/MatchAlgorithmUsingStorm/.idea/libraries/Maven__commons_io_commons_io_2_6.xml", "XML", 0, 13, 0, 0, 0, 13
"/home/swhua/Desktop/MyCodes/MatchAlgorithmUsingStorm/.idea/libraries/Maven__commons_lang_commons_lang_2_6.xml", "XML", 0, 13, 0, 0, 0, 13
"/home/swhua/Desktop/MyCodes/MatchAlgorithmUsingStorm/.idea/libraries/Maven__commons_logging_commons_logging_1_2.xml", "XML", 0, 13, 0, 0, 0, 13
"/home/swhua/Desktop/MyCodes/MatchAlgorithmUsingStorm/.idea/libraries/Maven__io_dropwizard_metrics_metrics_core_3_2_6.xml", "XML", 0, 13, 0, 0, 0, 13
"/home/swhua/Desktop/MyCodes/MatchAlgorithmUsingStorm/.idea/libraries/Maven__io_dropwizard_metrics_metrics_graphite_3_2_6.xml", "XML", 0, 13, 0, 0, 0, 13
"/home/swhua/Desktop/MyCodes/MatchAlgorithmUsingStorm/.idea/libraries/Maven__io_dropwizard_metrics_metrics_jvm_3_2_6.xml", "XML", 0, 13, 0, 0, 0, 13
"/home/swhua/Desktop/MyCodes/MatchAlgorithmUsingStorm/.idea/libraries/Maven__io_netty_netty_3_10_6_Final.xml", "XML", 0, 13, 0, 0, 0, 13
"/home/swhua/Desktop/MyCodes/MatchAlgorithmUsingStorm/.idea/libraries/Maven__jakarta_activation_jakarta_activation_api_1_2_1.xml", "XML", 0, 13, 0, 0, 0, 13
"/home/swhua/Desktop/MyCodes/MatchAlgorithmUsingStorm/.idea/libraries/Maven__jakarta_xml_bind_jakarta_xml_bind_api_2_3_2.xml", "XML", 0, 13, 0, 0, 0, 13
"/home/swhua/Desktop/MyCodes/MatchAlgorithmUsingStorm/.idea/libraries/Maven__javax_annotation_javax_annotation_api_1_3_2.xml", "XML", 0, 13, 0, 0, 0, 13
"/home/swhua/Desktop/MyCodes/MatchAlgorithmUsingStorm/.idea/libraries/Maven__javax_servlet_javax_servlet_api_3_1_0.xml", "XML", 0, 13, 0, 0, 0, 13
"/home/swhua/Desktop/MyCodes/MatchAlgorithmUsingStorm/.idea/libraries/Maven__jline_jline_0_9_94.xml", "XML", 0, 13, 0, 0, 0, 13
"/home/swhua/Desktop/MyCodes/MatchAlgorithmUsingStorm/.idea/libraries/Maven__joda_time_joda_time_2_3.xml", "XML", 0, 13, 0, 0, 0, 13
"/home/swhua/Desktop/MyCodes/MatchAlgorithmUsingStorm/.idea/libraries/Maven__junit_junit_4_12.xml", "XML", 0, 13, 0, 0, 0, 13
"/home/swhua/Desktop/MyCodes/MatchAlgorithmUsingStorm/.idea/libraries/Maven__net_bytebuddy_byte_buddy_1_9_10.xml", "XML", 0, 13, 0, 0, 0, 13
"/home/swhua/Desktop/MyCodes/MatchAlgorithmUsingStorm/.idea/libraries/Maven__net_bytebuddy_byte_buddy_agent_1_9_10.xml", "XML", 0, 13, 0, 0, 0, 13
"/home/swhua/Desktop/MyCodes/MatchAlgorithmUsingStorm/.idea/libraries/Maven__net_minidev_accessors_smart_1_2.xml", "XML", 0, 13, 0, 0, 0, 13
"/home/swhua/Desktop/MyCodes/MatchAlgorithmUsingStorm/.idea/libraries/Maven__net_minidev_json_smart_2_3.xml", "XML", 0, 13, 0, 0, 0, 13
"/home/swhua/Desktop/MyCodes/MatchAlgorithmUsingStorm/.idea/libraries/Maven__org_apache_commons_commons_compress_1_18.xml", "XML", 0, 13, 0, 0, 0, 13
"/home/swhua/Desktop/MyCodes/MatchAlgorithmUsingStorm/.idea/libraries/Maven__org_apache_commons_commons_exec_1_3.xml", "XML", 0, 13, 0, 0, 0, 13
"/home/swhua/Desktop/MyCodes/MatchAlgorithmUsingStorm/.idea/libraries/Maven__org_apache_commons_commons_pool2_2_4_2.xml", "XML", 0, 13, 0, 0, 0, 13
"/home/swhua/Desktop/MyCodes/MatchAlgorithmUsingStorm/.idea/libraries/Maven__org_apache_curator_curator_client_4_2_0.xml", "XML", 0, 13, 0, 0, 0, 13
"/home/swhua/Desktop/MyCodes/MatchAlgorithmUsingStorm/.idea/libraries/Maven__org_apache_curator_curator_framework_4_2_0.xml", "XML", 0, 13, 0, 0, 0, 13
"/home/swhua/Desktop/MyCodes/MatchAlgorithmUsingStorm/.idea/libraries/Maven__org_apache_hadoop_hadoop_auth_2_8_5.xml", "XML", 0, 13, 0, 0, 0, 13
"/home/swhua/Desktop/MyCodes/MatchAlgorithmUsingStorm/.idea/libraries/Maven__org_apache_httpcomponents_httpclient_4_5_6.xml", "XML", 0, 13, 0, 0, 0, 13
"/home/swhua/Desktop/MyCodes/MatchAlgorithmUsingStorm/.idea/libraries/Maven__org_apache_httpcomponents_httpcore_4_4_10.xml", "XML", 0, 13, 0, 0, 0, 13
"/home/swhua/Desktop/MyCodes/MatchAlgorithmUsingStorm/.idea/libraries/Maven__org_apache_logging_log4j_log4j_api_2_11_2.xml", "XML", 0, 13, 0, 0, 0, 13
"/home/swhua/Desktop/MyCodes/MatchAlgorithmUsingStorm/.idea/libraries/Maven__org_apache_logging_log4j_log4j_core_2_11_2.xml", "XML", 0, 13, 0, 0, 0, 13
"/home/swhua/Desktop/MyCodes/MatchAlgorithmUsingStorm/.idea/libraries/Maven__org_apache_logging_log4j_log4j_slf4j_impl_2_11_2.xml", "XML", 0, 13, 0, 0, 0, 13
"/home/swhua/Desktop/MyCodes/MatchAlgorithmUsingStorm/.idea/libraries/Maven__org_apache_storm_multilang_javascript_2_2_0.xml", "XML", 0, 13, 0, 0, 0, 13
"/home/swhua/Desktop/MyCodes/MatchAlgorithmUsingStorm/.idea/libraries/Maven__org_apache_storm_multilang_python_2_2_0.xml", "XML", 0, 13, 0, 0, 0, 13
"/home/swhua/Desktop/MyCodes/MatchAlgorithmUsingStorm/.idea/libraries/Maven__org_apache_storm_multilang_ruby_2_2_0.xml", "XML", 0, 13, 0, 0, 0, 13
"/home/swhua/Desktop/MyCodes/MatchAlgorithmUsingStorm/.idea/libraries/Maven__org_apache_storm_storm_client_2_2_0.xml", "XML", 0, 13, 0, 0, 0, 13
"/home/swhua/Desktop/MyCodes/MatchAlgorithmUsingStorm/.idea/libraries/Maven__org_apache_storm_storm_client_test_jar_tests_2_2_0.xml", "XML", 0, 13, 0, 0, 0, 13
"/home/swhua/Desktop/MyCodes/MatchAlgorithmUsingStorm/.idea/libraries/Maven__org_apache_storm_storm_clojure_2_2_0.xml", "XML", 0, 13, 0, 0, 0, 13
"/home/swhua/Desktop/MyCodes/MatchAlgorithmUsingStorm/.idea/libraries/Maven__org_apache_storm_storm_clojure_test_2_2_0.xml", "XML", 0, 13, 0, 0, 0, 13
"/home/swhua/Desktop/MyCodes/MatchAlgorithmUsingStorm/.idea/libraries/Maven__org_apache_storm_storm_core_2_2_0.xml", "XML", 0, 13, 0, 0, 0, 13
"/home/swhua/Desktop/MyCodes/MatchAlgorithmUsingStorm/.idea/libraries/Maven__org_apache_storm_storm_metrics_2_2_0.xml", "XML", 0, 13, 0, 0, 0, 13
"/home/swhua/Desktop/MyCodes/MatchAlgorithmUsingStorm/.idea/libraries/Maven__org_apache_storm_storm_redis_2_2_0.xml", "XML", 0, 13, 0, 0, 0, 13
"/home/swhua/Desktop/MyCodes/MatchAlgorithmUsingStorm/.idea/libraries/Maven__org_apache_storm_storm_server_2_2_0.xml", "XML", 0, 13, 0, 0, 0, 13
"/home/swhua/Desktop/MyCodes/MatchAlgorithmUsingStorm/.idea/libraries/Maven__org_apache_storm_storm_shaded_deps_2_2_0.xml", "XML", 0, 13, 0, 0, 0, 13
"/home/swhua/Desktop/MyCodes/MatchAlgorithmUsingStorm/.idea/libraries/Maven__org_apache_yetus_audience_annotations_0_5_0.xml", "XML", 0, 13, 0, 0, 0, 13
"/home/swhua/Desktop/MyCodes/MatchAlgorithmUsingStorm/.idea/libraries/Maven__org_apache_zookeeper_zookeeper_3_4_14.xml", "XML", 0, 13, 0, 0, 0, 13
"/home/swhua/Desktop/MyCodes/MatchAlgorithmUsingStorm/.idea/libraries/Maven__org_apiguardian_apiguardian_api_1_1_0.xml", "XML", 0, 13, 0, 0, 0, 13
"/home/swhua/Desktop/MyCodes/MatchAlgorithmUsingStorm/.idea/libraries/Maven__org_beanshell_bsh_2_0b4.xml", "XML", 0, 13, 0, 0, 0, 13
"/home/swhua/Desktop/MyCodes/MatchAlgorithmUsingStorm/.idea/libraries/Maven__org_checkerframework_checker_qual_2_5_2.xml", "XML", 0, 13, 0, 0, 0, 13
"/home/swhua/Desktop/MyCodes/MatchAlgorithmUsingStorm/.idea/libraries/Maven__org_clojure_clojure_1_10_0.xml", "XML", 0, 13, 0, 0, 0, 13
"/home/swhua/Desktop/MyCodes/MatchAlgorithmUsingStorm/.idea/libraries/Maven__org_clojure_core_specs_alpha_0_2_44.xml", "XML", 0, 13, 0, 0, 0, 13
"/home/swhua/Desktop/MyCodes/MatchAlgorithmUsingStorm/.idea/libraries/Maven__org_clojure_spec_alpha_0_2_176.xml", "XML", 0, 13, 0, 0, 0, 13
"/home/swhua/Desktop/MyCodes/MatchAlgorithmUsingStorm/.idea/libraries/Maven__org_clojure_tools_logging_0_2_3.xml", "XML", 0, 13, 0, 0, 0, 13
"/home/swhua/Desktop/MyCodes/MatchAlgorithmUsingStorm/.idea/libraries/Maven__org_codehaus_mojo_animal_sniffer_annotations_1_17.xml", "XML", 0, 13, 0, 0, 0, 13
"/home/swhua/Desktop/MyCodes/MatchAlgorithmUsingStorm/.idea/libraries/Maven__org_easytesting_fest_assert_core_2_0M8.xml", "XML", 0, 13, 0, 0, 0, 13
"/home/swhua/Desktop/MyCodes/MatchAlgorithmUsingStorm/.idea/libraries/Maven__org_easytesting_fest_util_1_2_3.xml", "XML", 0, 13, 0, 0, 0, 13
"/home/swhua/Desktop/MyCodes/MatchAlgorithmUsingStorm/.idea/libraries/Maven__org_eclipse_jetty_jetty_continuation_9_4_14_v20181114.xml", "XML", 0, 13, 0, 0, 0, 13
"/home/swhua/Desktop/MyCodes/MatchAlgorithmUsingStorm/.idea/libraries/Maven__org_eclipse_jetty_jetty_http_9_4_14_v20181114.xml", "XML", 0, 13, 0, 0, 0, 13
"/home/swhua/Desktop/MyCodes/MatchAlgorithmUsingStorm/.idea/libraries/Maven__org_eclipse_jetty_jetty_io_9_4_14_v20181114.xml", "XML", 0, 13, 0, 0, 0, 13
"/home/swhua/Desktop/MyCodes/MatchAlgorithmUsingStorm/.idea/libraries/Maven__org_eclipse_jetty_jetty_security_9_4_14_v20181114.xml", "XML", 0, 13, 0, 0, 0, 13
"/home/swhua/Desktop/MyCodes/MatchAlgorithmUsingStorm/.idea/libraries/Maven__org_eclipse_jetty_jetty_server_9_4_14_v20181114.xml", "XML", 0, 13, 0, 0, 0, 13
"/home/swhua/Desktop/MyCodes/MatchAlgorithmUsingStorm/.idea/libraries/Maven__org_eclipse_jetty_jetty_servlet_9_4_14_v20181114.xml", "XML", 0, 13, 0, 0, 0, 13
"/home/swhua/Desktop/MyCodes/MatchAlgorithmUsingStorm/.idea/libraries/Maven__org_eclipse_jetty_jetty_servlets_9_4_14_v20181114.xml", "XML", 0, 13, 0, 0, 0, 13
"/home/swhua/Desktop/MyCodes/MatchAlgorithmUsingStorm/.idea/libraries/Maven__org_eclipse_jetty_jetty_util_9_4_14_v20181114.xml", "XML", 0, 13, 0, 0, 0, 13
"/home/swhua/Desktop/MyCodes/MatchAlgorithmUsingStorm/.idea/libraries/Maven__org_fusesource_sigar_1_6_4.xml", "XML", 0, 13, 0, 0, 0, 13
"/home/swhua/Desktop/MyCodes/MatchAlgorithmUsingStorm/.idea/libraries/Maven__org_hamcrest_hamcrest_core_1_1.xml", "XML", 0, 13, 0, 0, 0, 13
"/home/swhua/Desktop/MyCodes/MatchAlgorithmUsingStorm/.idea/libraries/Maven__org_hamcrest_hamcrest_library_1_1.xml", "XML", 0, 13, 0, 0, 0, 13
"/home/swhua/Desktop/MyCodes/MatchAlgorithmUsingStorm/.idea/libraries/Maven__org_hamcrest_java_hamcrest_2_0_0_0.xml", "XML", 0, 13, 0, 0, 0, 13
"/home/swhua/Desktop/MyCodes/MatchAlgorithmUsingStorm/.idea/libraries/Maven__org_hdrhistogram_HdrHistogram_2_1_10.xml", "XML", 0, 13, 0, 0, 0, 13
"/home/swhua/Desktop/MyCodes/MatchAlgorithmUsingStorm/.idea/libraries/Maven__org_jmock_jmock_2_6_0.xml", "XML", 0, 13, 0, 0, 0, 13
"/home/swhua/Desktop/MyCodes/MatchAlgorithmUsingStorm/.idea/libraries/Maven__org_junit_jupiter_junit_jupiter_api_5_5_1.xml", "XML", 0, 13, 0, 0, 0, 13
"/home/swhua/Desktop/MyCodes/MatchAlgorithmUsingStorm/.idea/libraries/Maven__org_junit_jupiter_junit_jupiter_engine_5_5_1.xml", "XML", 0, 13, 0, 0, 0, 13
"/home/swhua/Desktop/MyCodes/MatchAlgorithmUsingStorm/.idea/libraries/Maven__org_junit_platform_junit_platform_commons_1_5_1.xml", "XML", 0, 13, 0, 0, 0, 13
"/home/swhua/Desktop/MyCodes/MatchAlgorithmUsingStorm/.idea/libraries/Maven__org_junit_platform_junit_platform_engine_1_5_1.xml", "XML", 0, 13, 0, 0, 0, 13
"/home/swhua/Desktop/MyCodes/MatchAlgorithmUsingStorm/.idea/libraries/Maven__org_junit_vintage_junit_vintage_engine_5_5_1.xml", "XML", 0, 13, 0, 0, 0, 13
"/home/swhua/Desktop/MyCodes/MatchAlgorithmUsingStorm/.idea/libraries/Maven__org_mockito_mockito_core_3_0_0.xml", "XML", 0, 13, 0, 0, 0, 13
"/home/swhua/Desktop/MyCodes/MatchAlgorithmUsingStorm/.idea/libraries/Maven__org_objenesis_objenesis_2_6.xml", "XML", 0, 13, 0, 0, 0, 13
"/home/swhua/Desktop/MyCodes/MatchAlgorithmUsingStorm/.idea/libraries/Maven__org_opentest4j_opentest4j_1_2_0.xml", "XML", 0, 13, 0, 0, 0, 13
"/home/swhua/Desktop/MyCodes/MatchAlgorithmUsingStorm/.idea/libraries/Maven__org_ow2_asm_asm_5_0_3.xml", "XML", 0, 13, 0, 0, 0, 13
"/home/swhua/Desktop/MyCodes/MatchAlgorithmUsingStorm/.idea/libraries/Maven__org_rocksdb_rocksdbjni_5_18_4.xml", "XML", 0, 13, 0, 0, 0, 13
"/home/swhua/Desktop/MyCodes/MatchAlgorithmUsingStorm/.idea/libraries/Maven__org_slf4j_log4j_over_slf4j_1_7_26.xml", "XML", 0, 13, 0, 0, 0, 13
"/home/swhua/Desktop/MyCodes/MatchAlgorithmUsingStorm/.idea/libraries/Maven__org_slf4j_slf4j_api_1_7_26.xml", "XML", 0, 13, 0, 0, 0, 13
"/home/swhua/Desktop/MyCodes/MatchAlgorithmUsingStorm/.idea/libraries/Maven__org_testng_testng_6_8_5.xml", "XML", 0, 13, 0, 0, 0, 13
"/home/swhua/Desktop/MyCodes/MatchAlgorithmUsingStorm/.idea/libraries/Maven__org_yaml_snakeyaml_1_26.xml", "XML", 0, 13, 0, 0, 0, 13
"/home/swhua/Desktop/MyCodes/MatchAlgorithmUsingStorm/.idea/libraries/Maven__redis_clients_jedis_2_9_0.xml", "XML", 0, 13, 0, 0, 0, 13
"/home/swhua/Desktop/MyCodes/MatchAlgorithmUsingStorm/.idea/misc.xml", "XML", 0, 11, 0, 0, 0, 11
"/home/swhua/Desktop/MyCodes/MatchAlgorithmUsingStorm/.idea/modules.xml", "XML", 0, 8, 0, 0, 0, 8
"/home/swhua/Desktop/MyCodes/MatchAlgorithmUsingStorm/.idea/uiDesigner.xml", "XML", 0, 124, 0, 0, 0, 124
"/home/swhua/Desktop/MyCodes/MatchAlgorithmUsingStorm/.idea/vcs.xml", "XML", 0, 6, 0, 0, 0, 6
"/home/swhua/Desktop/MyCodes/MatchAlgorithmUsingStorm/MatchAlgorithmUsingStorm (1).iml", "XML", 0, 122, 0, 0, 0, 122
"/home/swhua/Desktop/MyCodes/MatchAlgorithmUsingStorm/MatchAlgorithmUsingStorm.iml", "XML", 0, 121, 0, 0, 0, 121
"/home/swhua/Desktop/MyCodes/MatchAlgorithmUsingStorm/README.md", "Markdown", 0, 0, 4, 0, 2, 6
"/home/swhua/Desktop/MyCodes/MatchAlgorithmUsingStorm/dependency-reduced-pom.xml", "XML", 0, 382, 0, 0, 1, 383
"/home/swhua/Desktop/MyCodes/MatchAlgorithmUsingStorm/pom.xml", "XML", 0, 208, 0, 52, 11, 271
"/home/swhua/Desktop/MyCodes/MatchAlgorithmUsingStorm/src/jvm/org/apache/storm/starter/DataStructure/Event.java", "Java", 80, 0, 0, 2, 13, 95
"/home/swhua/Desktop/MyCodes/MatchAlgorithmUsingStorm/src/jvm/org/apache/storm/starter/DataStructure/MatchResult.java", "Java", 3, 0, 0, 0, 2, 5
"/home/swhua/Desktop/MyCodes/MatchAlgorithmUsingStorm/src/jvm/org/apache/storm/starter/DataStructure/MyUtils.java", "Java", 142, 0, 0, 4, 25, 171
"/home/swhua/Desktop/MyCodes/MatchAlgorithmUsingStorm/src/jvm/org/apache/storm/starter/DataStructure/OutputToFile.java", "Java", 76, 0, 0, 0, 16, 92
"/home/swhua/Desktop/MyCodes/MatchAlgorithmUsingStorm/src/jvm/org/apache/storm/starter/DataStructure/Pair.java", "Java", 46, 0, 0, 5, 13, 64
"/home/swhua/Desktop/MyCodes/MatchAlgorithmUsingStorm/src/jvm/org/apache/storm/starter/DataStructure/Subscription.java", "Java", 78, 0, 0, 19, 14, 111
"/home/swhua/Desktop/MyCodes/MatchAlgorithmUsingStorm/src/jvm/org/apache/storm/starter/DataStructure/TypeConstant.java", "Java", 20, 0, 0, 6, 5, 31
"/home/swhua/Desktop/MyCodes/MatchAlgorithmUsingStorm/src/jvm/org/apache/storm/starter/SimpleMatchTopology.java", "Java", 44, 0, 0, 18, 16, 78
"/home/swhua/Desktop/MyCodes/MatchAlgorithmUsingStorm/src/jvm/org/apache/storm/starter/Test.java", "Java", 17, 0, 0, 5, 7, 29
"/home/swhua/Desktop/MyCodes/MatchAlgorithmUsingStorm/src/jvm/org/apache/storm/starter/bolt/MultiPartitionMatchBolt.java", "Java", 236, 0, 0, 127, 32, 395
"/home/swhua/Desktop/MyCodes/MatchAlgorithmUsingStorm/src/jvm/org/apache/storm/starter/bolt/MultiPartitionMergerBolt.java", "Java", 143, 0, 0, 20, 14, 177
"/home/swhua/Desktop/MyCodes/MatchAlgorithmUsingStorm/src/jvm/org/apache/storm/starter/bolt/ReinMPMatchBolt.java", "Java", 290, 0, 0, 70, 33, 393
"/home/swhua/Desktop/MyCodes/MatchAlgorithmUsingStorm/src/jvm/org/apache/storm/starter/bolt/SimpleMatchBolt.java", "Java", 232, 0, 0, 37, 27, 296
"/home/swhua/Desktop/MyCodes/MatchAlgorithmUsingStorm/src/jvm/org/apache/storm/starter/bolt/TamaMPMatchBolt.java", "Java", 301, 0, 0, 54, 33, 388
"/home/swhua/Desktop/MyCodes/MatchAlgorithmUsingStorm/src/jvm/org/apache/storm/starter/bolt/ThreadDivisionMatchBolt.java", "Java", 233, 0, 0, 63, 29, 325
"/home/swhua/Desktop/MyCodes/MatchAlgorithmUsingStorm/src/jvm/org/apache/storm/starter/bolt/ThreadDivisionMergerBolt.java", "Java", 144, 0, 0, 7, 16, 167
"/home/swhua/Desktop/MyCodes/MatchAlgorithmUsingStorm/src/jvm/org/apache/storm/starter/spout/EventSpout.java", "Java", 113, 0, 0, 61, 16, 190
"/home/swhua/Desktop/MyCodes/MatchAlgorithmUsingStorm/src/jvm/org/apache/storm/starter/spout/SubscriptionSpout.java", "Java", 112, 0, 0, 60, 16, 188
"/home/swhua/Desktop/MyCodes/MatchAlgorithmUsingStorm/src/jvm/org/apache/storm/starter/spout/SubscriptionsKafkaSpout.java", "Java", 3, 0, 0, 0, 3, 6
"Total", "-", 2313, 2440, 4, 610, 344, 5711